text,,,,,,,,label
Anticipated to happen with continuous barley on barley with the same product use in the system. Why people can't learn from SA situation with his/her cousin.,,,,,,,,Positive
"Next up...#2WheelTrialTour riders checking out our #legume matrix site this afternoon with #Ultro &amp; @Trapview_ followed by a #barley disease fungicide trial with #ADAMA‚Äôs Matt Sherriff, showcasing #Topnotch plus NEW products #Maxentis &amp; #Proviso ‚Äì set to launch 2021! @trial_co https://t.co/43DnnLwGCV",,,,,,,,Positive
GRDC - SDHI resistance in SFNB of barley discovered for the first time in Australia https://t.co/m9qvyDwMCA,,,,,,,,Negative
SDHI resistance in SFNB of barley discovered for the first time in Australia https://t.co/Mxw0rL39s1,,,,,,,,Negative
".@GRDCWest Western Australian growers are urged to be on alert following the discovery of succinate dehydrogenase (SDHI, Group 7) resistance in spot form of net blotch (SFNB) in barley crops in the WA grainbelt \|\| #ausag #agchatoz @theCCDM  https://t.co/prrMsgVjFv ‚¨ÖÔ?è https://t.co/aASqIwxT1E",,,,,,,,Negative
".@GRDCWest Western Australian growers are urged to be on alert following the discovery of succinate dehydrogenase (SDHI, Group 7) resistance in spot form of net blotch (SFNB) in barley crops in the WA grainbelt \|\| #ausag #agchatoz @theCCDM  https://t.co/prrMsgVjFv ‚¨ÖÔ?è https://t.co/aASqIwxT1E",,,,,,,,Negative
".@GRDCWest Western Australian growers are urged to be on alert following the discovery of succinate dehydrogenase (SDHI, Group 7) resistance in spot form of net blotch (SFNB) in barley crops in the WA grainbelt \|\| #ausag #agchatoz @theCCDM  https://t.co/prrMsgVjFv ‚¨ÖÔ?è https://t.co/aASqIwxT1E",,,,,,,,Negative
".@GRDCWest Western Australian growers are urged to be on alert following the discovery of succinate dehydrogenase (SDHI, Group 7) resistance in spot form of net blotch (SFNB) in barley crops in the WA grainbelt \|\| #ausag #agchatoz @theCCDM  https://t.co/prrMsgVjFv ‚¨ÖÔ?è https://t.co/aASqIwxT1E",,,,,,,,Negative
".@GRDCWest Western Australian growers are urged to be on alert following the discovery of succinate dehydrogenase (SDHI, Group 7) resistance in spot form of net blotch (SFNB) in barley crops in the WA grainbelt \|\| #ausag #agchatoz @theCCDM  https://t.co/prrMsgVjFv ‚¨ÖÔ?è https://t.co/aASqIwxT1E",,,,,,,,Negative
".@GRDCWest Western Australian growers are urged to be on alert following the discovery of succinate dehydrogenase (SDHI, Group 7) resistance in spot form of net blotch (SFNB) in barley crops in the WA grainbelt \|\| #ausag #agchatoz @theCCDM  https://t.co/prrMsgVjFv ‚¨ÖÔ?è https://t.co/aASqIwxT1E",,,,,,,,Negative
".@GRDCWest Western Australian growers are urged to be on alert following the discovery of succinate dehydrogenase (SDHI, Group 7) resistance in spot form of net blotch (SFNB) in barley crops in the WA grainbelt \|\| #ausag #agchatoz @theCCDM  https://t.co/prrMsgVjFv ‚¨ÖÔ?è https://t.co/aASqIwxT1E",,,,,,,,Negative
"We wanted #septoria nodorum blotch - we sure got it. Infection spray successful, scoring for disease severity done. Now looking at plant genomics to see where susceptibility &amp; resistance are located. All part of @theGRDC project to help develop disease resistant wheat varieties https://t.co/1iJJRMIG29",,,,,,,,Negative
"We wanted #septoria nodorum blotch - we sure got it. Infection spray successful, scoring for disease severity done. Now looking at plant genomics to see where susceptibility &amp; resistance are located. All part of @theGRDC project to help develop disease resistant wheat varieties https://t.co/1iJJRMIG29",,,,,,,,Negative
"#SYInsitor wheat seed is available from @scotgrain. Good Septoria tritici resistance, high yield and grain quality that can open the door to a milling premium. https://t.co/zNVaHNCjjG",,,,,,,,Positive
"?üé• This Sunday, gastroenterology dietitian Nick Trott is back presenting part-2 of his exclusive webinar series titled 'Non-Coeliac Wheat Sensitivity: Diagnosis, Diets &amp; Debates'.  Explore Dietitian Network today with a FREE 2-week trial ?üöÄ https://t.co/A9GFpfMiH0 https://t.co/DeKhfuDJku",,,,,,,,Positive
"?üé• This Sunday, gastroenterology dietitian Nick Trott is back presenting part-2 of his exclusive webinar series titled 'Non-Coeliac Wheat Sensitivity: Diagnosis, Diets &amp; Debates'.  Explore Dietitian Network today with a FREE 2-week trial ?üöÄ https://t.co/A9GFpfMiH0 https://t.co/DeKhfuDJku",,,,,,,,Positive
Condo wheat about to get a fungicide. Looking good so far.?üôè https://t.co/8k00yrmIal,,,,,,,,Positive
Updated photo of the South East Agronomy Early Sown High Yielding Wheat Site - fantastic recovery from grazing - Great response from high N applications &amp; unique Fungicide package providing great results and some exciting new Wheat lines ! https://t.co/8xrrhODxCs,,,,,,,,Positive
I love running the gauntlet every time I see a new specialist!!!  ‚Äúare they sure you‚Äôve got fibromyalgia?‚Äù ‚Äúand you‚Äôre sure you have coeliac disease and not just a wheat sensitivity?‚Äù ‚Äúhmmm DID you have *blank* as a child or were you just being a kid‚Äù,,,,,,,,Positive
In @biorxivpreprint: First look @theCCDM‚Äôs new quantification method for in-field fungicide resistance analysis. Tested on #wheat powdery mildew with rapid &amp; reliable results. Using #qPCR to improve in-season management. More https://t.co/U12ewZ4l77 Paper https://t.co/HAcoH4NLnn https://t.co/w7RR02GDVS,,,,,,,,Negative
A question for growers &amp; agronomists ‚Äì will you answer some of ours to help improve management solutions for fungicide resistance? Be part of @theCCDM research to protect crops against #barley fungal diseases. Complete survey online https://t.co/w2AwM4Evhw or PH/SMS 0491 953 960 https://t.co/i04AHA6CqH,,,,,,,,Positive
Scepter wheat looking the goods under the turbines. Getting a fungicide and insecticide today. #byrnevillefarms https://t.co/doILTuupW2,,,,,,,,Neutral
Updated photo of the South East Agronomy Early Sown High Yielding Wheat Site - fantastic recovery from grazing - Great response from high N applications &amp; unique Fungicide package providing great results and some exciting new Wheat lines ! 2 Lines still haven‚Äôt put a head out yet https://t.co/B5TixXeH6Y,,,,,,,,Positive
Updated photo of the South East Agronomy Early Sown High Yielding Wheat Site - fantastic recovery from grazing - Great response from high N applications &amp; unique Fungicide package providing great results and some exciting new Wheat lines ! 2 Lines still haven‚Äôt put a head out yet https://t.co/B5TixXeH6Y,,,,,,,,Positive
Post Unavailable,,,,,,,,Positive
Free Barley Grass Resistance Testing:   Calling any growers who have suspected resistant barley grass. As part of our ‚ÄòBarley Grass Management‚Äô project we can send samples to Adelaide University for testing.   Contact Beth M: 0437282603 E: beth@unfs.com.au for further info,,,,,,,,Negative
Free Barley Grass Resistance Testing:   Calling any growers who have suspected resistant barley grass. As part of our ‚ÄòBarley Grass Management‚Äô project we can send samples to Adelaide University for testing.   Contact Beth M: 0437282603 E: beth@unfs.com.au for further info,,,,,,,,Negative
"Craft is a very high yielding winter barley with full MBC approval for brewing. From breeders @SyngentaCropsUK Craft has good grain quality, excellent lodging resistance and robust all-round disease resistance.   Saxon Agriculture offers competitive secure contracts. https://t.co/fFVW7nHxMP",,,,,,,,Positive
Planet barley is getting a move on with a few warm days. Fungicide applied yesterday and I think it‚Äôs time to shut the gate and see what happens ?ü§û?ü§û?ü§û https://t.co/Hn3j3cOyus,,,,,,,,Positive
#LooseSmut has been sighted by WA #barley growers. Trials have discovered that using a #fungicide as #foilerspray at ear emergence to flowering stage can control #seedinfection ?üëâ https://t.co/jC0y3SNmCv ?üì? @theGRDC #GroundCover https://t.co/wRwdq3HHDl,,,,,,,,Negative
Free Barley Grass Resistance Testing:   Calling any growers who have suspected resistant barley grass. As part of our ‚ÄòBarley Grass Management‚Äô project we can send samples to Adelaide University for testing.   Contact Beth M: 0437282603 E: beth@unfs.com.au for further info,,,,,,,,Negative
Free Barley Grass Resistance Testing:   Calling any growers who have suspected resistant barley grass. As part of our ‚ÄòBarley Grass Management‚Äô project we can send samples to Adelaide University for testing.   Contact Beth M: 0437282603 E: beth@unfs.com.au for further info,,,,,,,,Negative
Heavy #scald pressure showing up in our Parkes breeding trial - great to see visual variety resistance differences. Anyone seeing much scald in #barley yet this year? @agrobaz @AjFadge @GrowmoreAg @summitagconsult @InterGrain1 @DavidBMoody @HannahMRobin ?üå± https://t.co/2s9p8kSq4m,,,,,,,,Negative
A question for growers &amp; agronomists ‚Äì will you answer some of ours to help improve management solutions for fungicide resistance? Be part of @theCCDM research to protect crops against #barley fungal diseases. Complete survey online https://t.co/w2AwM4Evhw or PH/SMS 0491 953 960 https://t.co/i04AHA6CqH,,,,,,,,Positive
Post Unavailable,,,,,,,,Negative
#LooseSmut has been sighted by some #WesternAustralia #barley growers. #Fungicide as foliar spray at ear emergence to flowering stage has been found in trials to help control loose smut in barley @theGRDC #GroundCover for more info ?üëâ https://t.co/cT4SiaDSrD @GRDCWest  ?üì?@DRIRDWA https://t.co/2kxAY3CPX1,,,,,,,,Negative
"How‚Äôs everyone‚Äôs Kittyhawk wheat looking. Mine has a serious case of the yellows, as have most in the area. Hard to make a call from a hospital bed. Are you going to throw a fungicide at it?",,,,,,,,Negative
'@mayne_kurt @mayne_kurt Twitter seems your field of barley to be sensitive to our eyes ?üòÇ https://t.co/aZwcm5Zzo3',,,,,,,,Positive
?üëá GASC buys one cargo only in the overnight tender paying around US$12 above last week. Wheat is overdone to the upside and now our biggest wheat buyer is starting to resist higher prices.,,,,,,,,Negative
In search for new alleles for disease resistance we are genotyping a large portion of the barley accessions in the Australian Grains Gene Bank  Amazing to have access to such crop diversity for @theGRDC pre-breeding and genetics research! ?üß¨  #genebank #diversity https://t.co/c7FB1bJtZx,,,,,,,,Positive
In search for new alleles for disease resistance we are genotyping a large portion of the barley accessions in the Australian Grains Gene Bank  Amazing to have access to such crop diversity for @theGRDC pre-breeding and genetics research! ?üß¨  #genebank #diversity https://t.co/c7FB1bJtZx,,,,,,,,Positive
In search for new alleles for disease resistance we are genotyping a large portion of the barley accessions in the Australian Grains Gene Bank  Amazing to have access to such crop diversity for @theGRDC pre-breeding and genetics research! ?üß¨  #genebank #diversity https://t.co/c7FB1bJtZx,,,,,,,,Positive
In search for new alleles for disease resistance we are genotyping a large portion of the barley accessions in the Australian Grains Gene Bank  Amazing to have access to such crop diversity for @theGRDC pre-breeding and genetics research! ?üß¨  #genebank #diversity https://t.co/c7FB1bJtZx,,,,,,,,Positive
"Raby, a business consultant, said Cheng was a longtime friend and experienced journalist who had interviewed him many times for her business program. Business reporting is not usually seen as politically sensitive in China, he said, adding that he was astonished she had been detained. ‚ÄúShe held a degree of...",,,,,,,,Positive
"Sceptre wheat 4wks recovery after grazing looking good, fungicide trace brew going on ?üëç https://t.co/2d3m0Z7ceh",,,,,,,,Positive
Putting out some fungicide on wheat today. https://t.co/EJw1JyRvVS,,,,,,,,Neutral
Spraying some fungicide and insecticide on wheat today with Rowtrac and Hardi @HARDI_Australia @CaseIHAus https://t.co/1drzMlEWif,,,,,,,,Neutral
"Spartacus barley getting its first fungicide  with a manganese, copper edta https://t.co/xbSWAgvWU4",,,,,,,,Neutral
", gold and copper .. a bit of room to grow wheat cotton sugar beef and wool ( even water buffalo if they thought about it , the state with a little effort could be one of the best economies in the Southern Hemisphere possible a rival for WA maybe a great government will come along to make things better ( and...",,,,,,,,Positive
Post Unavailable,,,,,,,,Negative
"Wheat Crop with RapiSol applied in the weed spray looking a treat after the recent rain! It‚Äôs about to get a #rapisol top up with the fungicide spray. Unfortunately, not everyone was lucky with the rain. Thanks to @teamwiss for sharing https://t.co/aXTypd9A0l https://t.co/aR29pO3NWD",,,,,,,,Positive
Suppression of wheat blast resistance by an effector of Pyricularia oryzae is counteracted by a host specificity resistance gene in wheat. https://t.co/EMzwlp8gs8,,,,,,,,Negative
Post Unavailable,,,,,,,,Positive
'@dikesmarshfarm Prosaro Fungicide on Barley for Spot Form Net Blotch management. 150ml/Ha in 20l/Ha solution.',,,,,,,,Negative
"'@agrobaz @AlbertGorman1 @lukeschulz9 @WeedSmartAU @PBoutsalis Might be worth trailing Terrad'or with the gly in the DK. Barley Grass is very sensitive to tiafenacil, more so than ARG. Photo below is 40g Terrad'or with 600mL CRUCIAL at 4DAA - 3 plants in the middle were large barley grass with ARG on either side https://t.co/0CFi1LwROz'",,,,,,,,Positive
"'@agrobaz @AlbertGorman1 @lukeschulz9 @WeedSmartAU @PBoutsalis Might be worth trailing Terrad'or with the gly in the DK. Barley Grass is very sensitive to tiafenacil, more so than ARG. Photo below is 40g Terrad'or with 600mL CRUCIAL at 4DAA - 3 plants in the middle were large barley grass with ARG on either side https://t.co/0CFi1LwROz'",,,,,,,,Positive
"After the higher low in mid August CBOT #wheat climbed up the wall of worries until 200MA.  Once 200MA is crossed and downtrend is broken, the way is free for the multi-year resistance 575-590 (Z contract). Now momentum should increase. https://t.co/jFtgc7sylK",,,,,,,,Negative
Our webinar series continues this fall. Join us on 23 September for a webinar on Resistance gene cloning in wheat presented by Burkhard Steuernagel @JohnInnesCentre  Register here: https://t.co/8JCLNAC8sC https://t.co/lu9GPsl8m6,,,,,,,,Neutral
Yes it was my first resistance work 1986.   Paraquat resistant barley grass on a Lucerne paddock in Victoria treated for 20 years with paraquat.  Three resistant grass weeds and resistant cape weed on this one field!    When on a good thing don‚Äôt stick to it.  Diversity works.,,,,,,,,Negative
"Got to love barley, I‚Äôm out protecting the leaves with a bit of fungicide and tidying up some aphids. Fantastic response from August rains https://t.co/HEetVoKGA4",,,,,,,,Positive
'@BrendanReinhei1 @agrobaz @AlbertGorman1 @lukeschulz9 @WeedSmartAU @PBoutsalis Paraquat resistant barley grass was @SBPowles first paper on herbicide resistance from memory',,,,,,,,Negative
"Great outcome. Now is the time to follow up with a foliar fungicide also, this will; 1) maintain green leaf; 2) further increase yield. Trials show a further 210 kg/ha on average; 3) resistance management",,,,,,,,Positive
Rhizobium leguminosarum symbiovar viciae strains are natural wheat endophytes and can stimulate root development and colonization by arbuscular mycorrhizal fungi https://t.co/S4pOd2mSVx,,,,,,,,Negative
Our webinar series continues this fall. Join us on 23 September for a webinar on Resistance gene cloning in wheat presented by Burkhard Steuernagel @JohnInnesCentre  Register here: https://t.co/8JCLNAC8sC https://t.co/lu9GPsl8m6,,,,,,,,Neutral
"After a handy 70mm for August, crops are looking good. End is in sight. Fungicide and wild oats spray on the wheat. https://t.co/tIfRJtCJXf",,,,,,,,Positive
"'@agrobaz @AlbertGorman1 @lukeschulz9 @WeedSmartAU @PBoutsalis Also paraquat. Areas are increasing in population numbers resistant to group A, glyphosate(s) and paraquat. Surfactant, AMS and high loading active making no difference. Soil pH is driving the challenge with Barley grass resistance'",,,,,,,,Negative
Post Unavailable,,,,,,,,Negative
Post Unavailable,,,,,,,,Negative
Post Unavailable,,,,,,,,Positive
Vixen wheat at Kaniva starting to look nice after urea 10 days ago then 30mm rain over several days and now broadleaf + fungicide spray. #wheat #spray20 https://t.co/avMzOqZVUd,,,,,,,,Positive
Vixen wheat at Kaniva starting to look nice after urea 10 days ago then 30mm rain over several days and now broadleaf + fungicide spray. #wheat #spray20 https://t.co/avMzOqZVUd,,,,,,,,Positive
", the challenge still remains to find easy access to suitable snacks on-the-go. That‚Äôs why Fodbods is providing a healthy, delicious grab-and-go alternative, created for foodies who find seemingly innocent foods such as wheat, onion, garlic, dates and honey an invitation for flare ups. The range was developed...",,,,,,,,Positive
Sceptre wheat is looking the goods. Flag leaf fully emerged. Time for the second fungicide and some #rapisol copper! https://t.co/uBX7XaEjc3,,,,,,,,Positive
Sceptre wheat is looking the goods. Flag leaf fully emerged. Time for the second fungicide and some #rapisol copper! https://t.co/uBX7XaEjc3,,,,,,,,Positive
Sam hard at work keeping an eye on disease pressure in crop. @AgspecAus,,,,,,,,Negative
"Some fungicide going on the wheat, @ScottMa72896319  gee you‚Äôve got some concentration! https://t.co/iMG04MbPiU",,,,,,,,Neutral
"Some fungicide going on the wheat, @ScottMa72896319  gee you‚Äôve got some concentration! https://t.co/iMG04MbPiU",,,,,,,,Neutral
"Some fungicide going on the wheat, @ScottMa72896319  gee you‚Äôve got some concentration! https://t.co/iMG04MbPiU",,,,,,,,Neutral
"Some fungicide going on the wheat, @ScottMa72896319  gee you‚Äôve got some concentration! https://t.co/iMG04MbPiU",,,,,,,,Neutral
'@DMAg_consultant @BruceHeddle @PBoutsalis @agrobaz @peterdnewman @Shergill_LS what you reckon?  I have no data.  Resistance mutations are ~~ same.  I will test this in 2021 if I get to work with any FOP R barley grass',,,,,,,,Negative
GENETIC RESISTANCE - Genes which confer resistance to the deadly fungal disease stem rust have been successfully transferred from wheat into barley https://t.co/uZ4oRFj7VF @BrandeWulff @MarkSmedley15 @HarwoodWendy @sreyag_ @sanu_arora,,,,,,,,Negative
"Back at Wheat production, Griffith NSW after 3 months. Looking fantastic, after a good dosage of Urea, fungicide for Septoria and RWA  control. Trying to keep dry and warm?ü•??üë©?üè?‚Äç?üåæ?üåæ?üåæ #wheatbreeding https://t.co/j6HFBohfDO",,,,,,,,Positive
"Some fungicide going on the wheat, @ScottMa72896319  gee you‚Äôve got some concentration! https://t.co/iMG04MbPiU",,,,,,,,Neutral
It‚Äôs great to watch top gun live ?üëå,,,,,,,,Positive
"Some fungicide going on the wheat, @ScottMa72896319  gee you‚Äôve got some concentration! https://t.co/iMG04MbPiU",,,,,,,,Neutral
September KC #Wheat Chart ‚è´We made a new high early this morning ‚û°Ô?èAt this level we need to get bullish news to see if we can break through the resistance line #oatt https://t.co/YcSosoQ36h,,,,,,,,Positive
"I never think much of Scald as a Barley disease until you come across volunteer Barley. No seed t/ment or sowing fungicide.  It is a gentle reminder that it is bubbling away in the background, and given half a chance, will roar back into life again! Seed dressings are important! https://t.co/OukJ7cryRf",,,,,,,,Positive
i couldnt resist i had to make a meme out of this  (original comic by: @pegu2726 ) https://t.co/5oSBFaHbeH,,,,,,,,Negative
"I never think much of Scald as a Barley disease until you come across volunteer Barley. No seed t/ment or sowing fungicide.  It is a gentle reminder that it is bubbling away in the background, and given half a chance, will roar back into life again! Seed dressings are important! https://t.co/OukJ7cryRf",,,,,,,,Positive
"September KC #Wheat Chart ‚û°Ô?èTechnical indicators are mid range, not overbought ‚û°Ô?èWe are coming up to overhead resistance  #oatt https://t.co/7X1DISR4MG",,,,,,,,Negative
Post Unavailable,,,,,,,,Negative
Is barley grass giving you headaches? @BCG_Birchip are providing free barley grass resistance tests as part of @theGRDC Barley Grass Project 100 mature seed heads are needed for testing Get in touch with Birchip Cropping Group for more details?üëâ https://t.co/w5Mv97z9kr #AgrifacAU https://t.co/6fqn0ArQBm,,,,,,,,Negative
"I never think much of Scald as a Barley disease until you come across volunteer Barley. No seed t/ment or sowing fungicide.  It is a gentle reminder that it is bubbling away in the background, and given half a chance, will roar back into life again! Seed dressings are important! https://t.co/OukJ7cryRf",,,,,,,,Positive
Making the most of some sun while counting lesions in our local #canola #blackleg trial &amp; setting up our #wheat fungicide trial @seerzy5 @IKCaldwell #agronomy #ballarat #highrainfall #highyield https://t.co/eIfmdWzxxb,,,,,,,,Negative
"Out now in MPMI: Extensive Genetic Variation at the Sr22 Wheat Stem Rust Resistance Gene Locus in the Grasses Revealed Through Evolutionary Genomics and Functional Analysis https://t.co/75y131BMrj  Thanks to @AsyrafHatta0 @guru_radhakr, Sam Periyannan and many others https://t.co/V7wH3y2v5P",,,,,,,,Positive
"Out now in MPMI: Extensive Genetic Variation at the Sr22 Wheat Stem Rust Resistance Gene Locus in the Grasses Revealed Through Evolutionary Genomics and Functional Analysis https://t.co/75y131BMrj  Thanks to @AsyrafHatta0 @guru_radhakr, Sam Periyannan and many others https://t.co/V7wH3y2v5P",,,,,,,,Positive
Why is it always on Friday‚Äôs? Widespread reports of sudden yellowing in longer season wheat varieties especially Kittyhawk. This is NOT related to rust or other fungal disease. Fungicide not required. Has only shown up after severe frosts and appears worse in more advanced plants https://t.co/Gpc1iUKEYP,,,,,,,,Positive
Making the most of some sun while counting lesions in our local #canola #blackleg trial &amp; setting up our #wheat fungicide trial @seerzy5 @IKCaldwell #agronomy #ballarat #highrainfall #highyield https://t.co/eIfmdWzxxb,,,,,,,,Negative
Why is it always on Friday‚Äôs? Widespread reports of sudden yellowing in longer season wheat varieties especially Kittyhawk. This is NOT related to rust or other fungal disease. Fungicide not required. Has only shown up after severe frosts and appears worse in more advanced plants https://t.co/Gpc1iUKEYP,,,,,,,,Positive
A rare single nucleotide variant in Pm5e confers powdery #mildew resistance in common #wheat  https://t.co/i7qvoUWkmI https://t.co/8k0xRA6WH0,,,,,,,,Negative
Biological Fungicide Clears Wheat of Rust Disease in European Field Trial https://t.co/B1albQdvql,,,,,,,,Neutral
but also tested and react to potato and tomato so have stayed off those. Potato can cross react with corn and I know I have a corn intolerance. Is is worth trying to quit the potatoes or have you already tried and not been any better? If you have a wheat and barley etc issue I wouldn't personally risk dairy...,,,,,,,,Positive
Why is it always on Friday‚Äôs? Widespread reports of sudden yellowing in longer season wheat varieties especially Kittyhawk. This is NOT related to rust or other fungal disease. Fungicide not required. Has only shown up after severe frosts and appears worse in more advanced plants https://t.co/Gpc1iUKEYP,,,,,,,,Positive
Why is it always on Friday‚Äôs? Widespread reports of sudden yellowing in longer season wheat varieties especially Kittyhawk. This is NOT related to rust or other fungal disease. Fungicide not required. Has only shown up after severe frosts and appears worse in more advanced plants https://t.co/Gpc1iUKEYP,,,,,,,,Positive
Why is it always on Friday‚Äôs? Widespread reports of sudden yellowing in longer season wheat varieties especially Kittyhawk. This is NOT related to rust or other fungal disease. Fungicide not required. Has only shown up after severe frosts and appears worse in more advanced plants https://t.co/Gpc1iUKEYP,,,,,,,,Positive
Why is it always on Friday‚Äôs? Widespread reports of sudden yellowing in longer season wheat varieties especially Kittyhawk. This is NOT related to rust or other fungal disease. Fungicide not required. Has only shown up after severe frosts and appears worse in more advanced plants https://t.co/Gpc1iUKEYP,,,,,,,,Positive
Why is it always on Friday‚Äôs? Widespread reports of sudden yellowing in longer season wheat varieties especially Kittyhawk. This is NOT related to rust or other fungal disease. Fungicide not required. Has only shown up after severe frosts and appears worse in more advanced plants https://t.co/Gpc1iUKEYP,,,,,,,,Positive
Why is it always on Friday‚Äôs? Widespread reports of sudden yellowing in longer season wheat varieties especially Kittyhawk. This is NOT related to rust or other fungal disease. Fungicide not required. Has only shown up after severe frosts and appears worse in more advanced plants https://t.co/Gpc1iUKEYP,,,,,,,,Positive
Why is it always on Friday‚Äôs? Widespread reports of sudden yellowing in longer season wheat varieties especially Kittyhawk. This is NOT related to rust or other fungal disease. Fungicide not required. Has only shown up after severe frosts and appears worse in more advanced plants https://t.co/Gpc1iUKEYP,,,,,,,,Positive
Why is it always on Friday‚Äôs? Widespread reports of sudden yellowing in longer season wheat varieties especially Kittyhawk. This is NOT related to rust or other fungal disease. Fungicide not required. Has only shown up after severe frosts and appears worse in more advanced plants https://t.co/Gpc1iUKEYP,,,,,,,,Positive
Why is it always on Friday‚Äôs? Widespread reports of sudden yellowing in longer season wheat varieties especially Kittyhawk. This is NOT related to rust or other fungal disease. Fungicide not required. Has only shown up after severe frosts and appears worse in more advanced plants https://t.co/Gpc1iUKEYP,,,,,,,,Positive
"‚ÄòCocooning‚Äô The term ‚Äòcocooning‚Äô causes a certain revulsion in sensitive brains, loaded as it is with the potential for all kinds of age-marginalisation. As several newspaper correspondents argued in Ireland the correct term should be ‚Äòvoluntary self-isolation‚Äô, a socially-responsible, personally driven...",,,,,,,,Positive
BCG has free Barley grass resistance tests available as a part of the GRDC Barley Grass Project.  We need at least 100 mature seed heads (roughly a full Ziploc sandwich bag) collected. Contact BCG to find out more. https://t.co/piIrrq0qnd,,,,,,,,Negative
Content not available,,,,,,,,Negative
Post Unavailable,,,,,,,,Positive
‚ö† Net Blotch has been appearing in #WesternAustralian #Barley Widespread resistance has been reported by @theCCDM Tips to manage Net Blotch ?üëâ https://t.co/smx8Z3iZvZ @GRDCWest ?üì? @theGRDC #AgrifacAu #Agrifac https://t.co/K6Htko8Ty7,,,,,,,,Negative
#NewBlogPost \| Coeliac? Wheat Sensitivity? Gluten Intolerance? In today's blog find out the difference between all the food reactivities and what to do about them. ?üçû #coeliac #gluten #wheat #glutenfree #enzymes #digestion  https://t.co/LXtkHUm9nB,,,,,,,,Negative
Post Unavailable,,,,,,,,Negative
Compass barley before and after fungicide for net blotch -28 days later - note some of the fungicides have excellent curative effect whilst some are mainly protectants. Many final fungicide decisions to be made soon ?üå± @kentonp_ag @chriswalsh008 @SeanM_DMAg_SA @CropDoctor54 https://t.co/AvGFKoJgKN,,,,,,,,Positive
BCG has free Barley grass resistance tests available as a part of the GRDC Barley Grass Project.  We need at least 100 mature seed heads (roughly a full Ziploc sandwich bag) collected. Contact BCG to find out more. https://t.co/kckIqoiFY4,,,,,,,,Negative
"Full Moon, grain crops and mizuna can be sown directly into beds, as well as a green manure crop of clover, field pea, barley, or wheat. Dwarf peas and chamomile can be sown directly into beds in colder areas. Celery, leek and lettuce can be sown in a cold frame. In frost-free areas, Chinese cabbage, rocket...",,,,,,,,Positive
September KC #Wheat Chart ?üìâWheat did not make a new low- but in a downtrend ?üëâAround $4.20 is overhead resistance #oatt https://t.co/a0QF0tzzH8,,,,,,,,Negative
BCG has free Barley grass resistance tests available as a part of the GRDC Barley Grass Project.  We need at least 100 mature seed heads (roughly a full Ziploc sandwich bag) collected. Contact BCG to find out more. https://t.co/kckIqoiFY4,,,,,,,,Negative
What‚Äôs cropp‚Äôn weekly roundup! ?üìÉ Read how fungicides work and resistance ?üîó  https://t.co/ZSfpYb9g4b ?ü§ùWill the #COVID19 pandemic bring increased trade barriers? ?üîó https://t.co/IzZDAxGzs2 ?üåæNew Alliance for Wheat Adaptation to Heat and Drought (AHEAD) has been established! https://t.co/N1gUpMBeqr,,,,,,,,Negative
Management of barley net blotches in the face of fungicide resistance in the web now.  https://t.co/vpZ9qGsyER @Stirlings2Coast @GRDCWest,,,,,,,,Negative
BCG has free Barley grass resistance tests available as a part of the GRDC Barley Grass Project.  We need at least 100 mature seed heads (roughly a full Ziploc sandwich bag) collected. Contact BCG to find out more. https://t.co/kckIqoiFY4,,,,,,,,Negative
BCG has free Barley grass resistance tests available as a part of the GRDC Barley Grass Project.  We need at least 100 mature seed heads (roughly a full Ziploc sandwich bag) collected. Contact BCG to find out more. https://t.co/kckIqoiFY4,,,,,,,,Negative
BCG has free Barley grass resistance tests available as a part of the GRDC Barley Grass Project.  We need at least 100 mature seed heads (roughly a full Ziploc sandwich bag) collected. Contact BCG to find out more. https://t.co/kckIqoiFY4,,,,,,,,Negative
"Trademark disputes and confusion have exited since they have; a tautological statement for which I couldn‚Äôt resist. But in the spirit of realising when I‚Äôve been previously wrong about something, I‚Äôm here to explore the idea that there may be something to trademark antsiness in tech after all. The term...",,,,,,,,Positive
'@DMAg_consultant @CasFarmerCD @agriprof @calukafarms @GRDCSouth @WeedSmartAU Not sure on the cross-resistance to DIMs? Trifluralin / other pre-ems spray on barley seed prior to sowing',,,,,,,,Negative
"'@DMAg_consultant @CasFarmerCD @agriprof @calukafarms For barleygrass, brome &amp; wildoat control FOP resistant Barley would be a great tool. Unlike widespread FOP resistance in ryegrass, after 15 years of monitoring from GRDC random weed surveys we haven‚Äôt seen any increase in FOF resistance. @GRDCSouth @WeedSmartAU'",,,,,,,,Neutral
"Do you need a broad spectrum compatible fungicide providing two modes of action for Septoria, Rust, Scald, Net blotch control and more in wheat or barley? If so #ElatusAce is the complete choice. To find out more head to https://t.co/3rsCPivmX9 https://t.co/lZtA89tG5P",,,,,,,,Positive
Management of barley net blotches in the face of fungicide resistance in the web now.  https://t.co/vpZ9qGsyER @Stirlings2Coast @GRDCWest,,,,,,,,Negative
Management of barley net blotches in the face of fungicide resistance in the web now.  https://t.co/vpZ9qGsyER @Stirlings2Coast @GRDCWest,,,,,,,,Negative
"Develop research skills &amp; help #agriculture thrive! @UTAS_ #PhD opps with #scholarships in apple soil health, pyrethrum fungicide resistance, wheat pest &amp; disease modelling, perennial legumes &amp; more! June 12 for scholarships https://t.co/wBSmtIGpaf #FindAPhD #PhDPosition #ecrchat https://t.co/F6s45fE225",,,,,,,,Positive
"5mm for July, 15mm for June &amp; Wheat Powdery Mildew thriving on Trojan despite robust fungicide package. The old adage of dry years you can save on fungicide doesn‚Äôt ring true here. Looking forward to results from @SAGrainTrust trials up the road to nut out solutions @TrengoveSam https://t.co/KiIn7dHGJQ",,,,,,,,Positive
Post Unavailable,,,,,,,,Negative
Spot-type and net-type net blotch is being found in barley crops and volunteers across WA. Read the latest #PestFax for tips on identifying and managing net blotches and being mindful of fungicide resistance @GRDCWest https://t.co/blzDlbJeKx https://t.co/fzNPGbFeix,,,,,,,,Negative
Spot-type and net-type net blotch is being found in barley crops and volunteers across WA. Read the latest #PestFax for tips on identifying and managing net blotches and being mindful of fungicide resistance @GRDCWest https://t.co/blzDlbJeKx https://t.co/fzNPGbFeix,,,,,,,,Negative
Spot-type and net-type net blotch is being found in barley crops and volunteers across WA. Read the latest #PestFax for tips on identifying and managing net blotches and being mindful of fungicide resistance @GRDCWest https://t.co/blzDlbJeKx https://t.co/fzNPGbFeix,,,,,,,,Negative
Post Unavailable,,,,,,,,Positive
'@rebelhealth1 @TheRatSnake @BioLayne Sugar comes from all the grains and carbs also so while it says reduce sugar it still recommends shit food that makes people fat  ie grains wheat rice pasta and fruit.. consumption of which leads to high blood sugar and eventually insulin resistance',,,,,,,,Negative
Spot-type and net-type net blotch is being found in barley crops and volunteers across WA. Read the latest #PestFax for tips on identifying and managing net blotches and being mindful of fungicide resistance @GRDCWest https://t.co/blzDlbJeKx https://t.co/fzNPGbFeix,,,,,,,,Negative
Spot-type and net-type net blotch is being found in barley crops and volunteers across WA. Read the latest #PestFax for tips on identifying and managing net blotches and being mindful of fungicide resistance @GRDCWest https://t.co/blzDlbJeKx https://t.co/fzNPGbFeix,,,,,,,,Negative
"Introducing ?ùóî?ùòá?ùóº?ùòÖ?ùòÜ?ùóö?ùòÇ?ùóÆ?ùóø?ùó±¬Æ ?ùó´?ùòÅ?ùóø?ùóÆ, Conquest‚Äôs new cereal co-formulation #fungicide!  Contains 200g/L azoxystrobin (Group 11) + 80g/L cyproconazole (Group 3) &amp; offers protection against Leaf Rust, STNB, NTNB, and Powdery Mildew in barley. Brochure: https://t.co/P1hmvm9Z5q https://t.co/FSC8rQGPFt",,,,,,,,Neutral
Time to try out the new StripeRustWM app from the App Store to help with fungicide decisions. #striperustwm,,,,,,,,Neutral
A great tool to help with spray decisions for stripe rust in wheat,,,,,,,,Positive
Management of barley net blotches in the face of fungicide resistance in the web now.  https://t.co/vpZ9qGsyER @Stirlings2Coast @GRDCWest,,,,,,,,Negative
Management of barley net blotches in the face of fungicide resistance in the web now.  https://t.co/vpZ9qGsyER @Stirlings2Coast @GRDCWest,,,,,,,,Negative
"At our Victorian #hyperyieldingcrops site, some wheat varieties (sown April 25) are showing Septoria Tritici Blotch (STB) and Stripe rust infections. We‚Äôll be assessing the impact of different fungicide regimes on these diseases throughout 2020 @theGRDC https://t.co/ef17P5BXLb",,,,,,,,Negative
"At our Victorian #hyperyieldingcrops site, some wheat varieties (sown April 25) are showing Septoria Tritici Blotch (STB) and Stripe rust infections. We‚Äôll be assessing the impact of different fungicide regimes on these diseases throughout 2020 @theGRDC https://t.co/ef17P5BXLb",,,,,,,,Negative
And it comes with glufosinate resistance.  I wish we had it here in Australia.,,,,,,,,Negative
Planet barley looking great at Charlton. Cleaner fence lines helps have cleaner crops. Ready for Topnotch fungicide now.  Bring on some ?üí¶. @Adama_AU @Birdy_1983 https://t.co/Z0gx9lKBay,,,,,,,,Positive
"'@catherinetayres @DrDielen @CSIRO Said in a husky voice? Sorry, couldn't resist the wheat pun.'",,,,,,,,Positive
Post Unavailable,,,,,,,,Negative
Our new circular on Australian #barley #cultivar pedigree and leaf #rust seedling and adult plant #resistance genotype information now available at the link below: https://t.co/rwxOHLKCTy https://t.co/Xm1IQLHBov,,,,,,,,Negative
When @theCCDM researcher Elyce Iagallo is not in the air practicing #aerialacrobatics she‚Äôs busy in our labs working to improve varietal resistance of #wheat for growers on the ground. Read about Elyce‚Äôs journey into a career in crop disease research here: https://t.co/U12ewZ4l77 https://t.co/e2k2lrsGRz,,,,,,,,Negative
"Congrats to our recent #PhD completions! ?ü•? Stanley Chen, Vongai Dawka, Melle Nikkels, Hongliang Hu &amp; Nam Duong. Their research: Campylobacter in poultry, shelf-life of baby leafy veg, irrigation management, yellow dwarf resistance in barley &amp; beef cattle value chains in Vietnam. https://t.co/g6UO4atqLI",,,,,,,,Negative
When @theCCDM researcher Elyce Iagallo is not in the air practicing #aerialacrobatics she‚Äôs busy in our labs working to improve varietal resistance of #wheat for growers on the ground. Read about Elyce‚Äôs journey into a career in crop disease research here: https://t.co/U12ewZ4l77 https://t.co/e2k2lrsGRz,,,,,,,,Negative
Net blotch is present in some WA barley crops. @theCCDM has confirmed resistance is widespread ‚ö†Ô?è #spotformnetblotch . . Fungicide timing advice and how to reduce resistance is available... https://t.co/Dd075fa5ur ?üëà https://t.co/AUCeG7gyT6,,,,,,,,Negative
"Congrats to our recent #PhD completions! ?ü•? Stanley Chen, Vongai Dawka, Melle Nikkels, Hongliang Hu &amp; Nam Duong. Their research: Campylobacter in poultry, shelf-life of baby leafy veg, irrigation management, yellow dwarf resistance in barley &amp; beef cattle value chains in Vietnam. https://t.co/g6UO4atqLI",,,,,,,,Negative
New #CropPastureSci now online: Crop-seed cleaning reduces weed-seed contamination in WA grain samples; Resistance and virulence variability in wheat‚ÄìZymoseptoria tritici interactions; &amp; Tactical crop management in winter-dominant rainfall regions. https://t.co/83NueX3jez https://t.co/yTSWGAdRDS,,,,,,,,Negative
Net blotch is present in some WA barley crops. @theCCDM has confirmed resistance is widespread ‚ö†Ô?è #spotformnetblotch . . Fungicide timing advice and how to reduce resistance is available... https://t.co/Dd075fa5ur ?üëà https://t.co/AUCeG7gyT6,,,,,,,,Negative
"We remain very intrigued with hypothesis wheat sensitivity a cause of a number of unexplained gut diseases. But gluten-free not a panacea. Wheat Sensitivity and Functional Dyspepsia: A Pilot, Double-Blind, Randomized, Placebo-Controlled Dietary Crossover‚Ä¶ https://t.co/I52vhsBJ89",,,,,,,,Negative
Bennett wheat offering absolutely zero resistance to this rust strain. Worse than the old h45 days. Massive hotspots in this pd already ?üëé How bad is this strain going to affect durum @s_simpfendorfer https://t.co/enAK4ILKqH,,,,,,,,Negative
"A spot of fieldwork underway at one of our trial sites with @theCCDM‚Äôs Ayalsew Zerihun &amp; @AgKulAdhikari working with @DPIRDWA‚Äôs Jason Bradley on #barley inoculations, inducing spot form net blotch for fungicide resistance research. https://t.co/7lLLzriDbo",,,,,,,,Negative
Bennett wheat offering absolutely zero resistance to this rust strain. Worse than the old h45 days. Massive hotspots in this pd already ?üëé How bad is this strain going to affect durum @s_simpfendorfer https://t.co/enAK4ILKqH,,,,,,,,Negative
Bennett wheat offering absolutely zero resistance to this rust strain. Worse than the old h45 days. Massive hotspots in this pd already ?üëé How bad is this strain going to affect durum @s_simpfendorfer https://t.co/enAK4ILKqH,,,,,,,,Negative
Bennett wheat offering absolutely zero resistance to this rust strain. Worse than the old h45 days. Massive hotspots in this pd already ?üëé How bad is this strain going to affect durum @s_simpfendorfer https://t.co/enAK4ILKqH,,,,,,,,Negative
Bennett wheat offering absolutely zero resistance to this rust strain. Worse than the old h45 days. Massive hotspots in this pd already ?üëé How bad is this strain going to affect durum @s_simpfendorfer https://t.co/enAK4ILKqH,,,,,,,,Negative
Net blotch is present in some WA barley crops. @theCCDM has confirmed resistance is widespread ‚ö†Ô?è #spotformnetblotch . . Fungicide timing advice and how to reduce resistance is available... https://t.co/Dd075fa5ur ?üëà https://t.co/AUCeG7gyT6,,,,,,,,Negative
'@worrolong Yes I believe so. We have one close by at Mullaley that's in Durum wheat showing pretty similar visual differences and it was definitely seed treatment applied with Vibrance (fungicide and Emerge (insecticide).',,,,,,,,Positive
Beaufort wheat @ GS30/31 receiving first foliar fungicide and copper. https://t.co/uZCDEwG8CF,,,,,,,,Neutral
"A spot of fieldwork underway at one of our trial sites with @theCCDM‚Äôs Ayalsew Zerihun &amp; @AgKulAdhikari working with @DPIRDWA‚Äôs Jason Bradley on #barley inoculations, inducing spot form net blotch for fungicide resistance research. https://t.co/7lLLzriDbo",,,,,,,,Negative
Have you got barley in the ground? Recent @grdc @theCCDM @SA_PIRSA studies have detected more cases of #FungicideResistance to succinate dehydrogenase inhibitor (SDHI) #fungicide in the disease net form net blotch (NFNB). Speak to your agronomist for more info #AgrifacAU #Agrifac https://t.co/pLvJsRIfKT,,,,,,,,Negative
"'@MJ_Leaver Yep ‚Äì in the reverse, back when I thought I was wheat sensitive, I'd order gluten free options but be very clear that it *wasn't* an allergy and I *wasn't* Coeliac so that the kitchen didn't need to worry about cross-contamination.'",,,,,,,,Negative
"A spot of fieldwork underway at one of our trial sites with @theCCDM‚Äôs Ayalsew Zerihun &amp; @AgKulAdhikari working with @DPIRDWA‚Äôs Jason Bradley on #barley inoculations, inducing spot form net blotch for fungicide resistance research. https://t.co/7lLLzriDbo",,,,,,,,Negative
We are offering two postdoctoral positions to work on durable rust resistance in wheat and barley. Don‚Äôt hesitate to contact me if you are interested.  https://t.co/PUSLOvhhUE,,,,,,,,Negative
We are offering two postdoctoral positions to work on durable rust resistance in wheat and barley. Don‚Äôt hesitate to contact me if you are interested.  https://t.co/PUSLOvhhUE,,,,,,,,Negative
"Many hours for a single spore culture but worth it! @AgKulAdhikari @theCCDM producing net blotch pathogen cultures from suspected fungicide resistant barley samples. Grown under UV 12hrs, dark storage for 24hrs &amp; ready to reveal more about fungicide resistance in future research. https://t.co/EV8FFAdEFE",,,,,,,,Negative
"Heading to Victoria now, Hayley Wilson from @latrobe is presenting on barley net blotch and resistance to azole fungicides!  @VicGovAg",,,,,,,,Negative
We are offering two postdoctoral positions to work on durable rust resistance in wheat and barley. Don‚Äôt hesitate to contact me if you are interested.  https://t.co/PUSLOvhhUE,,,,,,,,Negative
We are offering two postdoctoral positions to work on durable rust resistance in wheat and barley. Don‚Äôt hesitate to contact me if you are interested.  https://t.co/PUSLOvhhUE,,,,,,,,Negative
We are offering two postdoctoral positions to work on durable rust resistance in wheat and barley. Don‚Äôt hesitate to contact me if you are interested.  https://t.co/PUSLOvhhUE,,,,,,,,Negative
We are offering two postdoctoral positions to work on durable rust resistance in wheat and barley. Don‚Äôt hesitate to contact me if you are interested.  https://t.co/PUSLOvhhUE,,,,,,,,Negative
We are offering two postdoctoral positions to work on durable rust resistance in wheat and barley. Don‚Äôt hesitate to contact me if you are interested.  https://t.co/PUSLOvhhUE,,,,,,,,Negative
We are offering two postdoctoral positions to work on durable rust resistance in wheat and barley. Don‚Äôt hesitate to contact me if you are interested.  https://t.co/PUSLOvhhUE,,,,,,,,Negative
"Pretty happy, this is the wheat paddock where we (I ?üò¨) squished the liquid hoses on the hitch. But it looks alright. Some dark green strips in the middle. Just got a dose of N yesterday. Pretty lucky so far. Fungicide was in the liquid. https://t.co/d1aIrVornv",,,,,,,,Positive
We are offering two postdoctoral positions to work on durable rust resistance in wheat and barley. Don‚Äôt hesitate to contact me if you are interested.  https://t.co/PUSLOvhhUE,,,,,,,,Negative
"Many hours for a single spore culture but worth it! @AgKulAdhikari @theCCDM producing net blotch pathogen cultures from suspected fungicide resistant barley samples. Grown under UV 12hrs, dark storage for 24hrs &amp; ready to reveal more about fungicide resistance in future research. https://t.co/EV8FFAdEFE",,,,,,,,Negative
'@chriswalsh008 @mrlange81 @agrobaz Any interest in RWA resistance in barley?  See InterGrain's IGB1954 in NVT.  La Trobe type with La Trobe performance.',,,,,,,,Negative
"'@korellup @AlisonW71668071 Though part of that dry sown management package, is gly at end of the season eg. Canola and feed barley.....I agree will possibly loose gly to resistance first.'",,,,,,,,Negative
Early April sown barley crop near South Stirling with NTNB.  Uniform in-furrow.  Fungicide runout at Z32. Check your crop.  @DPIRDbroadacre @Stirlings2Coast @GRDCWest https://t.co/n8RKdVRtr2,,,,,,,,Neutral
Early April sown barley crop near South Stirling with NTNB.  Uniform in-furrow.  Fungicide runout at Z32. Check your crop.  @DPIRDbroadacre @Stirlings2Coast @GRDCWest https://t.co/n8RKdVRtr2,,,,,,,,Neutral
Early April sown barley crop near South Stirling with NTNB.  Uniform in-furrow.  Fungicide runout at Z32. Check your crop.  @DPIRDbroadacre @Stirlings2Coast @GRDCWest https://t.co/n8RKdVRtr2,,,,,,,,Neutral
"Check out David Armitage, Head of Technical Services at @AuNutrien discussing how the new foliar fungicide #Topnotch‚Ñ¢ showed very promising results throughout #barley field trials last season. Find out more: https://t.co/HY3Lp07qJ3 https://t.co/76MT1TxXxU",,,,,,,,Positive
Post Unavailable,,,,,,,,Negative
Post Unavailable,,,,,,,,Negative
Fungicide application in DS Pascal with heads emerged in mid July !! sown 16th April. Variety not behaving like a longer maturity Spring wheat. https://t.co/QcK1ls4i2V,,,,,,,,Neutral
"well as drench resistance can be major problems on your property and can be really costly. THE photo of an elite quality merino fleece that has a 52 per cent yield shows us that if 100 tonnes of this wool type is exported, then 48 per cent of the cargo weight is South Australian top soil and will be washed...",,,,,,,,Positive
"Tammuz until after Tishah B‚ÄôAv recalls a Talmudic story about three wealthy men who were living in Jerusalem at the time when the enemy were besieging the city. One rich man said, ‚ÄúI can provide enough wheat and barley for everyone‚Äù. ‚ÄúI can supply wine, salt and oil‚Äù, said the second. The third said, ‚ÄúI have...",,,,,,,,Positive
"September #wheat is down 9.25 USc/bu following other grains lower, as Trump rules out phase 2 of the US-China trade deal for the time being, and with some favorable #weather forecasts for the US. The #AUD is down 0.12c, failing at the 70c resistance again due to COVID-19 risk. https://t.co/Pejl6Hxjha",,,,,,,,Negative
"New data on wheat sensitivity and upper gut symptoms.  Wheat Sensitivity and Functional Dyspepsia: A Pilot, Double-Blind, Randomized, Placebo-Controlled Dietary Crossover‚Ä¶ https://t.co/I52vhsBJ89",,,,,,,,Positive
"New data on wheat sensitivity and upper gut symptoms.  Wheat Sensitivity and Functional Dyspepsia: A Pilot, Double-Blind, Randomized, Placebo-Controlled Dietary Crossover‚Ä¶ https://t.co/I52vhsBJ89",,,,,,,,Positive
".@theCCDM Barley growers are advised to monitor their crops for early signs of #FungicideResistance, with research uncovering new developments in the resistance to fungicides in a common barley disease of the southern cropping region \|\| #ausag #agchatoz https://t.co/Ke9FBpRGG5 ?üëà https://t.co/eKSU69g2Ho",,,,,,,,Negative
"dont have. And Bulgarians really even more fantastic group workshops, and detract from the. Purposes: To provide to explore finance children to practice Armenia Australia Austria wheat, collect my feel free to. A list of you mix it at any time. In fact, Donne to him, try talk to about a similar price submit...",,,,,,,,Positive
Content not available,,,,,,,,Positive
"keep an eye on it so it doesn‚Äôt burn. Nutrition: 18 out of 20 No doubt about it ‚Äì this bread is nutritious and supplies protein, fibre, a few carbs along with B vitamins. Here is its list of ingredients, listed from the most (largest) to the least: List of ingredients Water, wheat protein (gluten), soy grits...",,,,,,,,Positive
".@theCCDM Barley growers are advised to monitor their crops for early signs of #FungicideResistance, with research uncovering new developments in the resistance to fungicides in a common barley disease of the southern cropping region \|\| #ausag #agchatoz https://t.co/Ke9FBpRGG5 ?üëà https://t.co/eKSU69g2Ho",,,,,,,,Negative
".@theCCDM Barley growers are advised to monitor their crops for early signs of #FungicideResistance, with research uncovering new developments in the resistance to fungicides in a common barley disease of the southern cropping region \|\| #ausag #agchatoz https://t.co/Ke9FBpRGG5 ?üëà https://t.co/eKSU69g2Ho",,,,,,,,Negative
".@theCCDM Barley growers are advised to monitor their crops for early signs of #FungicideResistance, with research uncovering new developments in the resistance to fungicides in a common barley disease of the southern cropping region \|\| #ausag #agchatoz https://t.co/Ke9FBpRGG5 ?üëà https://t.co/eKSU69g2Ho",,,,,,,,Negative
".@theCCDM Barley growers are advised to monitor their crops for early signs of #FungicideResistance, with research uncovering new developments in the resistance to fungicides in a common barley disease of the southern cropping region \|\| #ausag #agchatoz https://t.co/Ke9FBpRGG5 ?üëà https://t.co/eKSU69g2Ho",,,,,,,,Negative
"September #wheat is up 8.50 USc/bu with end users extending coverage due to uncertain Black Sea production. The #AUD is down 0.22c, bouncing off the 70c resistance, with COVID-19 concerns in #Victoria pressuring the market. https://t.co/aBzIzrjvT6",,,,,,,,Negative
"Chi #wheat: +6% in two days, any funds' shorts left after this?? My guess this ?üêÇ rally should run out of steam shortly, 5.3 looks like a strong resistance. https://t.co/DCcjwMd1dB",,,,,,,,Neutral
"Containing two modes of action, #AviatorXpro is the foliar #fungicide you need in your shed this season. It controls a range of diseases in #wheat, #barley, #canola and various #pulse crops. Plus, it's rainfast in under one hour in most conditions.",,,,,,,,Negative
Check out our new @PlantDiseaseJ pub on #sdhi #fungicide resistance in Z.tritici of #wheat. We're losing chemicals to resistance faster than new chemicals are being release. Resistance management and stewardship is key https://t.co/1IYEq3wGdX,,,,,,,,Negative
"Copper, zinc, manganese and some fungicide on some barley today! https://t.co/f430rDQyGf",,,,,,,,Neutral
"Trust you Gut INstinct   Why?  Because 80% of your brain cells are located within your Gut.  See why the GMOs, Gluten, Wheat, Candida issues have been thrust upon you.   Sensory beings that we are ; are highly sensitive, it is not Anxiety or a host of medical conditions but more",,,,,,,,Negative
"Trust you Gut INstinct   Why?  Because 80% of your brain cells are located within your Gut.  See why the GMOs, Gluten, Wheat, Candida issues have been thrust upon you.   Sensory beings that we are ; are highly sensitive, it is not Anxiety or a host of medical conditions but more",,,,,,,,Negative
"'@Anti_twatwaffle The ONLY reason a dog should be on a vegan diet is if THE ONLY food he can eat is hydrolyzed soy. I had ‚ù§BB try SEVERAL animal proteins before we found that venison as sole protein worked for him (pork, barley, wheat allergies; poultry sensitivity).'",,,,,,,,Negative
"Copper, zinc, manganese and some fungicide on some barley today! https://t.co/f430rDQyGf",,,,,,,,Neutral
"'@pc602 Hi Paul, listening to the abc this morning, do you use DMI, Group 3 fungicide on your Barley?'",,,,,,,,Neutral
Fungicide resistance concerns barley researchers https://t.co/QA5Wx6i1Y1  via @skinnergj,,,,,,,,Negative
Fungicide resistance concerns barley researchers https://t.co/JjT6QF6uWY,,,,,,,,Negative
"Research scientist Dr Catherine Borger tests for herbicide resistance in barley grass at DPIRD's Northam Grains Research Facilities, as part of a project to improve control of the emerging weed, barley grass. https://t.co/qceHwc7mw7 @GRDCWest @GGA_WA @WALGA https://t.co/aXSSbdYIzG",,,,,,,,Negative
"Research scientist Dr Catherine Borger tests for herbicide resistance in barley grass at DPIRD's Northam Grains Research Facilities, as part of a project to improve control of the emerging weed, barley grass. https://t.co/qceHwc7mw7 @GRDCWest @GGA_WA @WALGA https://t.co/aXSSbdYIzG",,,,,,,,Negative
Effect of Gluten-Free Diet on Gut Microbiota Composition in Patients with Celiac Disease and Non-Celiac Gluten/Wheat Sensitivity https://t.co/7bnuxDKdPG via @MDPIOpenAccess,,,,,,,,Neutral
"It‚Äôs the weekend so why not enjoy this podcast from @theCCDM. Our fungicide expert Fran Lopez-Ruiz, #SARDIScience‚Äôs @TaraGarrard &amp; agronomist Sam Holmes delve into #fungicide resistance discovered in #barley on South Australia's Yorke Peninsula. Podcast: https://t.co/pyBTVT1lMe https://t.co/vR6tyOQa7c",,,,,,,,Negative
"It‚Äôs the weekend so why not enjoy this podcast from @theCCDM. Our fungicide expert Fran Lopez-Ruiz, #SARDIScience‚Äôs @TaraGarrard &amp; agronomist Sam Holmes delve into #fungicide resistance discovered in #barley on South Australia's Yorke Peninsula. Podcast: https://t.co/pyBTVT1lMe https://t.co/vR6tyOQa7c",,,,,,,,Negative
"It‚Äôs the weekend so why not enjoy this podcast from @theCCDM. Our fungicide expert Fran Lopez-Ruiz, #SARDIScience‚Äôs @TaraGarrard &amp; agronomist Sam Holmes delve into #fungicide resistance discovered in #barley on South Australia's Yorke Peninsula. Podcast: https://t.co/pyBTVT1lMe https://t.co/vR6tyOQa7c",,,,,,,,Negative
"Research scientist Dr Catherine Borger tests for herbicide resistance in barley grass at DPIRD's Northam Grains Research Facilities, as part of a project to improve control of the emerging weed, barley grass. https://t.co/qceHwc7mw7 @GRDCWest @GGA_WA @WALGA https://t.co/aXSSbdYIzG",,,,,,,,Negative
"Research scientist Dr Catherine Borger tests for herbicide resistance in barley grass at DPIRD's Northam Grains Research Facilities, as part of a project to improve control of the emerging weed, barley grass. https://t.co/qceHwc7mw7 @GRDCWest @GGA_WA @WALGA https://t.co/aXSSbdYIzG",,,,,,,,Negative
GRDC - Fungicide resistance a growing issue in barley disease https://t.co/t6mOkqmZo9,,,,,,,,Negative
Just released - @theGRDC media release highlighting new developments in #barley net blotch resistance in the southern cropping region. Work by @theCCDM #SARDIScience detecting more cases of #fungicide resistance. Full release here - https://t.co/0PJQRRO25O @SA_PIRSA https://t.co/dYr5vztVzm,,,,,,,,Negative
Just released - @theGRDC media release highlighting new developments in #barley net blotch resistance in the southern cropping region. Work by @theCCDM #SARDIScience detecting more cases of #fungicide resistance. Full release here - https://t.co/0PJQRRO25O @SA_PIRSA https://t.co/dYr5vztVzm,,,,,,,,Negative
Just released - @theGRDC media release highlighting new developments in #barley net blotch resistance in the southern cropping region. Work by @theCCDM #SARDIScience detecting more cases of #fungicide resistance. Full release here - https://t.co/0PJQRRO25O @SA_PIRSA https://t.co/dYr5vztVzm,,,,,,,,Negative
Researcher @karalevin7 used 3D imaging techniques at our @UniofAdelaide facility to better understand how a wheat parasite causes devastating yield loss - this could allow new resistance mechanisms to be developed in wheat breeding programmes. https://t.co/hfzUuXOuCF #NCRISimpact,,,,,,,,Negative
"'@bobnixon11 @GazeyC Coming tomorrow for root imaging. I can see big difference in soil moisture uptake by different treatments. There will be big difference in root growth too. Growing acid sensitive barley crop on a wadjil soil, better than a dream @bobnixon11 @GRDCWest'",,,,,,,,Positive
"""Herbicide-resistant weeds pose risk to NZ wheat and barley crops, research into the resistance level of 101 weed varieties identified 16 high-risk grasses"" https://t.co/1qgV2OWKpO https://t.co/9mCrSvhaIy",,,,,,,,Negative
Just released - @theGRDC media release highlighting new developments in #barley net blotch resistance in the southern cropping region. Work by @theCCDM #SARDIScience detecting more cases of #fungicide resistance. Full release here - https://t.co/0PJQRRO25O @SA_PIRSA https://t.co/dYr5vztVzm,,,,,,,,Negative
Researcher @karalevin7 used 3D imaging techniques at our @UniofAdelaide facility to better understand how a wheat parasite causes devastating yield loss - this could allow new resistance mechanisms to be developed in wheat breeding programmes. https://t.co/hfzUuXOuCF #NCRISimpact,,,,,,,,Negative
Researcher @karalevin7 used 3D imaging techniques at our @UniofAdelaide facility to better understand how a wheat parasite causes devastating yield loss - this could allow new resistance mechanisms to be developed in wheat breeding programmes. https://t.co/hfzUuXOuCF #NCRISimpact,,,,,,,,Negative
Researcher @karalevin7 used 3D imaging techniques at our @UniofAdelaide facility to better understand how a wheat parasite causes devastating yield loss - this could allow new resistance mechanisms to be developed in wheat breeding programmes. https://t.co/hfzUuXOuCF #NCRISimpact,,,,,,,,Negative
'@karalevin7 used 3D imaging techniques at our @UniofAdelaide facility to better understand how a wheat parasite causes devastating yield loss - this could allow new resistance mechanisms to be developed in wheat breeding programmes. https://t.co/hfzUuXOuCF #NCRISimpact',,,,,,,,Negative
Our new publication in collaboration with @VicGovAg   reveals a complex architecture for #rust #resistance in 2300 worldwide bread #wheat accessions using #genome wide association studies #GWAS https://t.co/0bfN8wzAe1,,,,,,,,Negative
"In pursuit of better understanding and management of debilitating #functionalgut conditions, here are our recent pilot study findings and protocol for assessing #wheat (#gluten or #FODMAP) sensitivity. https://t.co/SuH7fRwfhI @Kerith_D @simonkeely @MJA_Editor @mikepotterMBBS",,,,,,,,Positive
"Our latest paper is a pilot study of gluten and fructans as dietary triggers for dyspepsia. #mdpinutrients Wheat Sensitivity and Functional Dyspepsia: A Pilot, Double-Blind, Randomized, Placebo-Controlled Dietary Crossover Trial with Novel Challenge Protocol  @Nutrients_MDPI",,,,,,,,Negative
"In pursuit of better understanding and management of debilitating #functionalgut conditions, here are our recent pilot study findings and protocol for assessing #wheat (#gluten or #FODMAP) sensitivity. https://t.co/SuH7fRwfhI @Kerith_D @simonkeely @MJA_Editor @mikepotterMBBS",,,,,,,,Positive
"In pursuit of better understanding and management of debilitating #functionalgut conditions, here are our recent pilot study findings and protocol for assessing #wheat (#gluten or #FODMAP) sensitivity. https://t.co/SuH7fRwfhI @Kerith_D @simonkeely @MJA_Editor @mikepotterMBBS",,,,,,,,Positive
Wheat Sensitivity and Functional Dyspepsia: Dietary Crossover Trial with Novel Challenge Protocol https://t.co/NInxMxIqVL,,,,,,,,Positive
Link to our latest paper - a pilot on wheat/gluten sensitivity in functional dyspepsia,,,,,,,,Negative
Wheat Sensitivity and Functional Dyspepsia: Dietary Crossover Trial with Novel Challenge Protocol https://t.co/NInxMxIqVL,,,,,,,,Positive
'@cottonfarmgirl Still be a fortnight to move the remaining 7000!! Once they‚Äôre gone it‚Äôll be a broadleaf/fungicide spray paint and a dose of the white stuff then roll the dice for a 4 tonne wheat crop. ?üôè?üèª?ü§û?üèª?ü§??üèª‚Äç‚ôÇÔ?è?üòÇ',,,,,,,,Positive
"Our latest paper is a pilot study of gluten and fructans as dietary triggers for dyspepsia. #mdpinutrients Wheat Sensitivity and Functional Dyspepsia: A Pilot, Double-Blind, Randomized, Placebo-Controlled Dietary Crossover Trial with Novel Challenge Protocol  @Nutrients_MDPI",,,,,,,,Negative
Resistance is rife in barley net blotch https://t.co/PYdsK90djS  via @skinnergj,,,,,,,,Negative
"Should be fishing, but can‚Äôt knock back a few days spraying like this. Fungicide and Trace going on Trojan wheat sown Anzac Day. https://t.co/QaTPydbbLa",,,,,,,,Neutral
"Should be fishing, but can‚Äôt knock back a few days spraying like this. Fungicide and Trace going on Trojan wheat sown Anzac Day. https://t.co/QaTPydbbLa",,,,,,,,Neutral
Post Unavailable,,,,,,,,Negative
Post Unavailable,,,,,,,,Negative
This is common trend across the world which will further intensify as our climate continues to warm. Think this is about time to look for bio- based solutions.,,,,,,,,Neutral
Research finds widespread fungicide resistance to spot and net forms of net blotch in WA barley \|\| #ausag https://t.co/TflABIR8vF,,,,,,,,Negative
"balm to help cool the skin. Products with azelaic acid such as wheat and barley can also help to inhibit the production of melanin thereby reducing hyperpigmentation, so if you prefer natural products there are certainly many options. As we have learned skin lighteners can be used for both cosmetic and...",,,,,,,,Negative
‚ÄúThere is not one single transgenic wheat variety that has been released globally. There is too much resistance from the public. But new technologies like #geneediting holds great promise for the future‚Äù says Hans Braun @CIMMYT @ScienceAlly https://t.co/07AGVWa7lL,,,,,,,,Positive
"Do you need a broad spectrum compatible fungicide providing two modes of action for Septoria, Rust, Scald, Net blotch control and more in wheat or barley? If so #ElatusAce is the complete choice. To find out more head to https://t.co/3rsCPivmX9 https://t.co/lZtA89tG5P",,,,,,,,Positive
Post Unavailable,,,,,,,,Positive
Post Unavailable,,,,,,,,Positive
Just issued - @theGRDC media release highlighting results from @theCCDM Barley Disease Cohort Project's first year of testing - confirmation that fungicide resistance to both spot form and net form net blotch is widespread in southern WA. Full story - https://t.co/yo5Mkct4EF https://t.co/u2YFsToT9t,,,,,,,,Negative
Just issued - @theGRDC media release highlighting results from @theCCDM Barley Disease Cohort Project's first year of testing - confirmation that fungicide resistance to both spot form and net form net blotch is widespread in southern WA. Full story - https://t.co/yo5Mkct4EF https://t.co/u2YFsToT9t,,,,,,,,Negative
Just issued - @theGRDC media release highlighting results from @theCCDM Barley Disease Cohort Project's first year of testing - confirmation that fungicide resistance to both spot form and net form net blotch is widespread in southern WA. Full story - https://t.co/yo5Mkct4EF https://t.co/u2YFsToT9t,,,,,,,,Negative
Just issued - @theGRDC media release highlighting results from @theCCDM Barley Disease Cohort Project's first year of testing - confirmation that fungicide resistance to both spot form and net form net blotch is widespread in southern WA. Full story - https://t.co/yo5Mkct4EF https://t.co/u2YFsToT9t,,,,,,,,Negative
Post Unavailable,,,,,,,,Negative
Just issued - @theGRDC media release highlighting results from @theCCDM Barley Disease Cohort Project's first year of testing - confirmation that fungicide resistance to both spot form and net form net blotch is widespread in southern WA. Full story - https://t.co/yo5Mkct4EF https://t.co/u2YFsToT9t,,,,,,,,Negative
Our feature paper in Theoretical and Applied Genetics reviews the defense mechanisms conferred by the #leafrust resistance genes identified to date in #wheat and #barley and their roles in either pattern-triggered immunity or effector-triggered immunity. https://t.co/EksU5INK8Q,,,,,,,,Negative
"Wheat is an important source of vital nutrients, yet some people are allergic to it. @ISTAseedtesting is reading the project between @CSIRO and @EdithCowanUni on the promising step for sufferers of wheat sensitivity. Learn more: https://t.co/bB9v3706Qz #seedquality #seedtesting https://t.co/yW6prpbts4",,,,,,,,Negative
"Wheat is an important source of vital nutrients, yet some people are allergic to it. @ISTAseedtesting is reading the project between @CSIRO and @EdithCowanUni on the promising step for sufferers of wheat sensitivity. Learn more: https://t.co/bB9v3706Qz #seedquality #seedtesting https://t.co/yW6prpbts4",,,,,,,,Negative
